{
    "map": 7.214949437184259e-05,
    "map_50": 0.0003720280365087092,
    "map_75": 0.0,
    "map_small": 3.721827670233324e-05,
    "map_medium": 4.9333986680721864e-05,
    "map_large": 0.004613809287548065,
    "mar_1": 0.0002762430813163519,
    "mar_10": 0.0008287293021567166,
    "mar_100": 0.0029696132987737656,
    "mar_small": 0.0005952381179668009,
    "mar_medium": 0.0043209875002503395,
    "mar_large": 0.036363635212183,
    "map_per_class": [
        0.0,
        0.0005771959549747407,
        0.0,
        0.0,
        0.0,
        0.0,
        0.0,
        0.0
    ],
    "mar_100_per_class": [
        0.0,
        0.023756906390190125,
        0.0,
        0.0,
        0.0,
        0.0,
        0.0,
        0.0
    ],
    "classes": [
        0,
        1,
        2,
        3,
        5,
        6,
        7,
        8
    ]
}